ref_pos,ref_nt,FA,FC,FG,FT,FN,RA,RC,RG,RT,RN
1,"G	",1,0,7912,0,0,0,0,0,0,0
2,T,0,1,0,7963,0,0,0,0,0,0
3,"A	",7960,0,0,0,0,0,0,0,0,0
4,"	G	",0,0,7953,0,0,0,0,0,0,0
5,"	C	",0,7963,0,0,0,0,0,0,0,0
6,"	A	",7955,0,0,0,0,0,0,0,0,0
7,"	G	",0,0,7961,1,0,0,0,0,0,0
8,"	G	",0,0,7946,2,0,0,0,0,0,0
9,"	C	",0,7946,0,0,0,0,0,0,0,0
10,"	T	",0,2,0,7840,0,0,0,0,0,0
11,"	T	",0,0,0,7922,0,0,0,0,0,0
12,"	G	",1,0,7963,0,0,0,0,0,0,0
13,"	A	",7949,0,0,0,0,0,0,0,0,0
14,"	G	",1,0,7970,1,0,0,0,0,0,0
15,"	G	",0,0,7952,0,0,0,0,0,0,0
16,"	T	",0,0,0,7942,0,0,0,0,0,0
17,"	C	",1,7958,0,0,0,0,0,0,0,0
18,"	T	",0,0,1,7950,0,0,0,0,0,0
19,"	G	",0,0,7952,7,0,0,0,0,0,0
20,"	G	",2,2,7932,3,0,0,0,0,0,0
21,"	C	",0,7953,0,0,0,0,0,0,0,0
22,"	C	",0,7960,0,1,0,0,0,0,0,0
23,"	A	",7927,0,0,0,0,0,0,0,0,0
24,"	T	",0,0,0,7968,0,0,0,0,0,0
25,"	A	",7970,0,0,0,0,0,0,0,0,0
26,"	T	",0,0,0,7958,0,0,0,0,0,0
27,"	A	",7963,0,0,0,0,0,0,0,0,0
28,"	C	",0,7942,0,0,0,0,0,0,0,0
29,"	A	",7898,1,0,0,0,0,0,0,0,0
30,"	T	",0,1,0,7916,0,0,0,0,0,0
31,"	G	",0,0,7953,0,0,0,0,0,0,0
32,"	G	",2,0,7948,0,0,0,0,0,0,0
33,"	G	",0,0,7959,0,0,0,0,0,0,0
34,"	T	",0,0,0,7957,0,0,0,0,0,0
35,"	G	",0,0,7975,0,0,0,0,0,0,0
36,"	A	",7978,0,2,0,0,0,0,0,0,0
37,"	C	",4,7969,0,0,0,0,0,0,0,0
38,"	A	",7886,0,0,1,0,0,0,0,0,0
39,"	A	",7887,0,0,0,0,0,0,0,0,0
40,"	T	",0,0,0,7961,0,0,0,0,0,0
41,"	G	",1,0,7964,0,0,0,0,0,0,0
42,"	A	",7970,0,0,1,0,0,0,0,0,0
43,"	C	",0,7971,0,1,0,0,0,0,0,0
44,"	A	",7956,0,0,0,0,0,0,0,0,0
45,"	T	",0,0,0,7953,0,0,0,0,0,0
46,"	C	",0,7948,0,7,0,0,0,0,0,0
47,"	C	",0,7959,0,0,0,0,0,0,0,0
48,"	A	",7969,0,0,0,0,0,0,0,0,0
49,"	C	",0,7968,0,3,0,0,0,0,0,0
50,"	T	",1,0,0,7956,0,0,0,0,0,0
51,"	T	",0,0,0,7940,0,0,0,0,0,0
52,"	T	",0,0,0,7971,0,0,0,0,0,0
53,"	G	",0,0,7947,0,0,0,0,0,0,0
54,"	C	",3,7947,0,0,0,0,0,0,0,0
55,"	C	",0,7954,0,0,0,0,0,0,0,0
56,"	T	",0,0,0,7959,0,0,0,0,0,0
57,"	T	",0,0,0,7940,0,0,0,0,0,0
58,"	T	",1,0,0,7964,0,0,0,0,0,0
59,"	C	",1,7956,0,1,0,0,0,0,0,0
60,"	T	",0,0,0,7979,0,0,0,0,0,0
61,"	C	",0,7958,1,0,0,0,0,0,0,0
62,"	T	",0,0,0,7974,0,0,0,0,0,0
63,"	C	",1,7961,0,1,0,0,0,0,0,0
64,"	C	",0,7935,0,1,0,0,0,0,0,0
65,"	A	",7932,0,0,2,0,0,0,0,0,0
66,"	C	",0,7929,1,0,0,0,0,0,0,0
67,"	A	",7939,0,1,0,0,0,0,0,0,0
68,"	G	",0,0,7966,0,0,0,0,0,0,0
69,"	G	",0,0,7939,0,0,0,0,0,0,0
70,"	T	",0,0,0,7951,0,0,0,0,0,0
71,"	G	",0,1,7958,0,0,0,0,0,0,0
72,"	T	",0,2,0,7949,0,0,0,0,0,0
73,"	C	",1,7964,0,0,0,0,0,0,0,0
74,"	C	",0,7929,0,0,0,0,0,0,0,0
75,"	A	",7974,0,0,0,0,0,0,0,0,0
76,"	C	",0,7967,0,0,0,0,0,0,0,0
77,"	T	",0,3,0,7947,0,0,0,0,0,0
78,"	C	",0,7964,0,0,0,0,0,0,0,0
79,"	C	",0,7945,0,0,0,0,0,0,0,0
80,"	C	",0,7956,0,0,0,0,0,0,0,0
81,"	A	",7960,0,1,0,0,0,0,0,0,0
82,"	G	",0,0,7968,1,0,0,0,0,0,0
83,"	G	",1,0,7918,2,0,0,0,0,0,0
84,"	T	",0,1,0,7948,0,0,0,0,0,0
85,"	C	",0,7957,0,1,0,0,0,0,0,0
86,"	C	",0,7926,0,1,0,0,0,0,0,0
87,"	A	",7961,0,0,0,0,0,0,0,0,0
88,"	A	",7977,0,1,1,0,0,0,0,0,0
89,"	C	",0,7971,0,0,0,0,0,0,0,0
90,"	T	",0,0,0,7972,0,0,0,0,0,0
91,"	G	",0,0,7944,1,0,0,0,0,0,0
92,"	C	",1,7961,0,0,0,0,0,0,0,0
93,"	A	",7982,0,3,0,0,0,0,0,0,0
94,"	G	",2,0,7961,0,0,0,0,0,0,0
95,"	C	",0,7954,0,0,0,0,0,0,0,0
96,"	A	",7973,0,1,0,0,0,0,0,0,0
97,"	G	",0,0,7952,0,0,0,0,0,0,0
98,"	C	",0,7941,0,5,0,0,0,0,0,0
99,"	C	",0,7943,0,0,0,0,0,0,0,0
100,"	T	",0,1,0,7943,0,0,0,0,0,0
101,"	G	",0,0,7949,0,0,0,0,0,0,0
102,"	G	",1,0,7940,0,0,0,0,0,0,0
103,"	G	",0,0,7957,0,0,0,0,0,0,0
104,"	A	",7888,0,1,0,0,0,0,0,0,0
105,"	C	",0,7945,0,2,0,0,0,0,0,0
106,"	T	",0,0,0,7937,0,0,0,0,0,0
107,"	G	",0,0,7955,1,0,0,0,0,0,0
108,"	A	",7944,0,0,0,0,0,0,0,0,0
109,"	A	",7901,0,2,0,0,0,0,0,0,0
110,"	C	",0,7928,0,8,0,0,0,0,0,0
111,"	T	",0,0,0,7935,0,0,0,0,0,0
112,"	G	",0,0,7959,3,0,0,0,0,0,0
113,"	G	",4,0,7945,0,0,0,0,0,0,0
114,"	T	",0,0,0,7969,0,0,0,0,0,0
115,"	G	",1,0,7967,0,0,0,0,0,0,0
116,"	A	",7961,0,0,0,0,0,0,0,0,0
117,"	A	",7705,0,1,0,0,0,0,0,0,0
118,"	G	",3,0,7861,0,0,0,0,1,0,0
119,"	C	",0,7916,0,1,0,0,1,0,0,0
120,"	C	",0,7930,0,0,0,0,1,0,0,0
121,"	T	",0,0,0,7926,0,0,0,0,1,0
122,"	G	",0,0,7934,0,0,0,0,1,0,0
123,"	G	",0,0,7914,0,0,0,0,1,0,0
124,"	G	",0,0,7953,0,0,0,0,1,0,0
125,"	G	",7,0,7939,1,0,0,0,1,0,0
126,"	C	",0,7954,0,5,0,0,1,0,0,0
127,"	T	",0,0,0,7954,0,0,0,0,1,0
128,"	T	",0,0,0,7950,0,0,0,0,1,0
129,"	C	",0,7983,0,0,0,0,1,0,0,0
130,"	A	",7958,0,0,0,0,1,0,0,0,0
131,"	G	",0,0,7963,4,0,0,0,1,0,0
132,"	T	",0,0,0,7947,0,0,0,0,1,0
133,"	G	",0,0,7964,0,0,0,0,2,0,0
134,"	A	",7941,0,1,0,0,2,0,0,0,0
135,"	A	",7607,0,0,0,0,1,0,0,0,0
136,"	G	",3,0,7909,0,0,0,0,2,0,0
137,"	C	",2,7941,0,4,0,0,2,0,0,0
138,"	T	",0,2,0,7982,0,0,0,0,2,0
139,"	G	",1,0,7940,0,0,0,0,2,0,0
140,"	T	",1,11,0,7955,0,0,0,0,2,0
141,"	C	",0,7971,0,3,0,0,2,0,0,0
142,"	C	",1,7935,0,4,0,0,2,0,0,0
143,"	T	",0,0,0,7965,0,0,0,0,2,0
144,"	G	",1,0,7956,0,0,0,0,2,0,0
145,"	C	",0,7912,0,36,0,0,2,0,0,0
146,"	A	",7913,1,1,0,0,2,0,0,0,0
147,"	A	",7702,0,0,0,0,2,0,0,0,0
148,"	G	",0,0,7938,0,0,0,0,2,0,0
149,"	G	",3,0,7881,0,0,0,0,2,0,0
150,"	C	",0,7942,0,0,0,0,2,0,0,0
151,"	T	",0,0,0,7940,0,0,0,0,2,0
152,"	T	",0,1,1,7915,0,0,0,0,3,0
153,"	C	",0,7968,0,0,0,0,3,0,0,0
154,"	T	",0,0,0,7986,0,0,0,0,3,0
155,"	G	",0,0,7930,0,0,0,0,7,0,0
156,"	G	",9,0,7879,0,0,0,0,7,0,0
157,"	C	",0,7944,0,3,0,0,7,0,0,0
158,"	T	",0,1,0,7935,0,0,0,0,8,0
159,"	A	",7649,0,0,0,0,15,0,0,0,0
160,"	C	",0,7952,0,0,0,0,14,0,0,0
161,"	A	",7913,0,0,0,0,16,0,0,0,0
162,"	C	",3,7917,0,0,0,0,29,0,0,0
163,"	C	",0,7861,1,0,0,0,28,0,0,0
164,"	T	",0,0,0,7918,0,0,0,0,24,0
165,"	T	",0,0,0,7871,0,0,0,0,32,0
166,"	C	",0,7917,0,0,0,0,43,0,0,0
167,"	A	",7768,0,0,0,0,43,0,0,0,0
168,"	C	",0,7901,0,2,0,0,47,0,0,0
169,"	C	",1,7785,0,0,0,0,51,0,0,0
170,"	A	",7756,0,2,0,0,68,0,0,0,0
171,"	G	",4,0,3590,0,0,0,0,183,0,0
172,"	C	",0,3560,0,10,0,0,176,0,1,0
173,"	T	",0,0,0,3579,0,0,0,0,171,0
174,"	A	",3427,2,0,0,0,310,0,0,1,0
175,"	C	",0,3563,0,0,0,0,358,0,0,0
176,"	T	",0,0,0,3569,0,0,0,0,362,0
177,"	G	",0,0,3558,0,0,2,0,309,4,0
178,"	G	",0,0,3543,0,0,0,0,364,1,0
179,"	A	",3585,0,0,0,0,361,0,0,0,0
180,"	T	",0,0,0,3547,0,0,0,0,376,0
181,"	G	",3,0,3575,0,0,0,0,357,2,0
182,"	C	",0,3555,0,0,0,1,374,0,0,0
183,"	A	",3542,0,0,0,0,354,0,0,2,0
184,"	C	",0,3554,0,0,0,2,367,0,1,0
185,"	T	",1,0,0,3565,0,0,0,1,370,0
186,"	G	",0,0,3561,0,0,0,0,381,1,0
187,"	G	",0,0,3527,0,0,0,0,327,5,0
188,"	G	",0,0,3566,0,0,0,0,395,1,0
189,"	T	",0,0,0,3587,0,0,0,0,356,0
190,"	G	",0,0,3583,0,0,0,0,393,1,0
191,"	A	",3552,0,0,0,0,371,0,0,1,0
192,"	A	",3435,1,0,0,0,396,0,0,0,0
193,"	G	",8,0,3539,0,0,0,0,378,2,0
194,"	C	",0,3563,0,0,0,0,363,0,1,0
195,"	A	",3478,0,0,0,0,401,0,0,0,0
196,"	G	",0,0,3588,0,0,0,0,410,0,0
197,"	A	",3573,0,0,0,0,385,0,0,0,0
198,"	G	",0,0,3566,0,0,0,0,388,0,0
199,"	G	",0,0,3512,0,0,0,0,383,0,0
200,"	C	",0,3561,0,0,0,0,348,0,0,0
201,"	C	",1,3555,0,0,0,1,376,0,0,0
202,"	T	",0,0,0,3591,0,0,0,0,405,0
203,"	G	",0,0,3534,0,0,0,0,369,2,0
204,"	G	",0,0,3506,0,0,0,0,405,0,0
205,"	A	",3501,1,3,0,0,399,1,1,1,0
206,"	C	",0,3564,0,0,0,0,382,0,0,0
207,"	A	",3465,0,0,0,0,358,1,0,2,0
208,"	A	",3489,1,0,1,0,382,1,0,1,0
209,"	G	",0,0,3508,0,0,0,0,388,0,0
210,"	G	",0,0,3487,0,0,0,0,373,1,0
211,"	C	",0,3554,0,0,0,2,375,0,0,0
212,"	C	",0,3559,0,1,0,6,348,0,0,0
213,"	T	",1,0,0,3565,0,0,0,0,404,0
214,"	T	",0,0,1,3326,0,0,0,0,409,0
215,"	G	",0,0,3566,0,0,0,0,421,0,0
216,"	A	",3589,0,0,0,0,408,0,0,0,0
217,"	G	",1,0,3588,0,0,0,1,416,0,0
218,"	T	",2,0,0,3392,0,1,0,0,408,0
219,"	G	",1,0,3575,0,0,0,1,366,3,0
220,"	G	",0,0,3459,2,0,0,0,403,0,0
221,"	A	",3518,0,0,0,0,416,0,0,0,0
222,"	T	",0,0,0,3415,0,0,0,0,414,0
223,"	T	",0,0,0,3529,0,0,0,0,423,0
224,"	G	",0,0,3536,0,0,0,1,369,3,0
225,"	G	",1,0,3369,3,0,0,0,417,1,0
226,"	A	",3535,1,1,0,0,420,0,0,1,0
227,"	A	",3288,2,0,0,0,413,0,0,0,0
228,"	A	",3430,1,0,0,0,414,4,0,0,0
229,"	T	",1,0,0,3544,0,0,0,0,427,0
230,"	A	",3459,1,0,0,0,451,0,0,0,0
231,"	T	",0,0,0,3531,0,2,0,0,429,0
232,"	T	",2,0,0,3552,0,1,1,1,417,0
233,"	A	",3432,0,0,0,0,437,0,0,0,0
234,"	A	",3386,0,0,1,0,404,7,0,0,0
235,"	T	",0,1,0,3572,0,2,0,0,443,0
236,"	C	",2,3575,0,0,0,1,445,0,0,0
237,"	C	",3,3253,0,1,0,1,482,0,1,0
238,"	T	",0,0,0,3581,0,0,0,3,440,0
239,"	A	",3245,4,0,0,0,486,0,0,0,0
240,"	G	",1,0,3381,0,0,0,0,476,0,0
241,"	C	",0,3460,0,1,0,0,525,1,2,0
242,"	A	",3433,0,0,0,0,492,1,0,3,0
243,"	A	",2758,23,0,0,0,622,7,0,0,0
244,"	T	",0,0,0,3551,0,0,1,2,722,0
245,"	G	",0,0,33,0,0,0,1,4099,0,0
246,"	G	",0,0,9,0,0,0,0,4658,3,0
247,"	T	",0,0,0,8,0,0,1,1,4688,0
248,"	G	",0,0,8,0,0,0,0,4637,6,0
249,"	G	",0,0,7,0,0,7,1,4641,1,0
250,"	T	",0,0,0,8,0,1,0,3,4665,0
251,"	A	",7,0,0,0,0,4764,0,2,1,0
252,"	C	",0,7,0,0,0,0,4734,2,0,0
253,"	T	",0,0,0,7,0,1,0,0,4710,0
254,"	A	",5,0,0,0,0,4692,5,1,1,0
255,"	A	",6,0,0,0,0,4591,10,0,3,0
256,"	C	",0,6,0,0,0,1,4794,1,14,0
257,"	T	",0,0,0,6,0,0,1,1,4645,0
258,"	A	",0,0,0,0,0,4687,3,0,2,0
259,"	C	",0,0,0,0,0,2,4835,0,5,0
260,"	A	",0,0,0,0,0,4717,5,0,3,0
261,"	A	",0,0,0,0,0,4387,17,0,1,0
262,"	T	",0,0,0,0,0,4,0,1,4769,0
263,"	G	",0,0,0,0,0,1,2,4843,1,0
264,"	A	",0,0,0,0,0,4889,1,0,0,0
265,"	G	",0,0,0,0,0,0,1,4803,0,0
266,"	A	",0,0,0,0,0,4756,2,0,2,0
267,"	A	",0,0,0,0,0,4781,1,2,1,0
268,"	G	",0,0,0,0,0,5,0,4697,2,0
269,"	T	",0,0,0,0,0,1,0,1,4704,0
270,"	T	",0,0,0,0,0,1,1,1,4711,0
271,"	C	",0,0,0,0,0,0,4882,0,2,0
272,"	A	",0,0,0,0,0,4764,3,0,2,0
273,"	A	",0,0,0,0,0,4772,3,0,0,0
274,"	G	",0,0,0,0,0,0,0,4808,2,0
275,"	A	",0,0,0,0,0,4809,2,1,0,0
276,"	G	",0,0,0,0,0,40,2,4636,9,0
277,"	C	",0,0,0,0,0,0,4859,6,20,0
278,"	A	",0,0,0,0,0,4823,0,1,1,0
279,"	A	",0,0,0,0,0,4763,3,0,3,0
280,"	G	",0,0,0,0,0,0,0,4712,7,0
281,"	G	",0,0,0,0,0,0,1,4711,4,0
282,"	C	",0,0,0,0,0,1,4784,0,2,0
283,"	C	",0,0,0,0,0,1,4901,1,0,0
284,"	A	",0,0,0,0,0,4831,0,0,2,0
285,"	C	",0,0,0,0,0,1,4871,0,0,0
286,"	A	",0,0,0,0,0,4572,2,0,0,0
287,"	C	",0,0,0,0,0,0,4864,0,0,0
288,"	T	",0,0,0,0,0,0,0,2,4727,0
289,"	G	",0,0,0,0,0,0,0,4832,0,0
290,"	A	",0,0,0,0,0,4807,1,0,1,0
291,"	C	",0,0,0,0,0,1,4904,0,0,0
292,"	T	",0,0,0,0,0,2,1,0,4804,0
293,"	G	",0,0,0,0,0,0,3,4817,2,0
294,"	T	",0,0,0,0,0,0,0,2,4808,0
295,"	A	",0,0,0,0,0,4914,0,0,0,0
296,"	G	",0,0,0,0,0,0,1,4879,2,0
297,"	A	",0,0,0,0,0,4927,0,1,1,0
298,"	C	",0,0,0,0,0,1,4876,0,0,0
299,"	A	",0,0,0,0,0,4848,0,0,3,0
300,"	A	",0,0,0,0,0,4627,3,1,1,0
301,"	A	",0,0,0,0,0,4517,6,1,0,0
302,"	T	",0,0,0,0,0,1,0,1,4848,0
303,"	C	",0,0,0,0,0,1,4872,1,0,0
304,"	C	",0,0,0,0,0,0,4917,0,0,0
305,"	T	",0,0,0,0,0,0,0,0,4864,0
306,"	C	",0,0,0,0,0,3,4857,0,0,0
307,"	C	",0,0,0,0,0,0,4891,1,1,0
308,"	A	",0,0,0,0,0,4790,1,1,0,0
309,"	G	",0,0,0,0,0,17,2,4689,1,0
310,"	C	",0,0,0,0,0,0,4899,1,10,0
311,"	A	",0,0,0,0,0,4890,0,0,1,0
312,"	C	",0,0,0,0,0,1,4878,2,1,0
313,"	A	",0,0,0,0,0,4829,0,0,1,0
314,"	G	",0,0,0,0,0,0,0,4781,2,0
315,"	C	",0,0,0,0,0,1,4817,1,1,0
316,"	C	",0,0,0,0,0,2,4865,1,0,0
317,"	T	",0,0,0,0,0,0,0,1,4847,0
318,"	A	",0,0,0,0,0,4866,0,0,0,0
319,"	C	",0,0,0,0,0,1,4837,1,1,0
320,"	A	",0,0,0,0,0,4841,0,0,2,0
321,"	T	",0,0,0,0,0,0,0,1,4896,0
322,"	G	",0,0,0,0,0,0,0,4854,2,0
323,"	C	",0,0,0,0,0,0,4881,0,2,0
324,"	A	",0,0,0,0,0,4912,0,0,0,0
325,"	G	",0,0,0,0,0,11,3,4819,0,0
326,"	C	",0,0,0,0,0,3,4883,0,2,0
327,"	T	",0,0,0,0,0,2,0,0,4813,0
328,"	C	",0,0,0,0,0,0,4888,0,0,0
329,"	A	",0,0,0,0,0,4853,0,1,0,0
330,"	G	",0,0,0,0,0,0,0,4810,3,0
331,"	C	",0,0,0,0,0,1,4889,2,2,0
332,"	A	",0,0,0,0,0,4903,0,2,1,0
333,"	G	",0,0,0,0,0,1,0,4869,1,0
334,"	C	",0,0,0,0,0,2,4826,2,0,0
335,"	C	",0,0,0,0,0,0,4897,0,3,0
336,"	T	",0,0,0,0,0,0,1,0,4903,0
337,"	G	",0,0,0,0,0,0,0,4894,0,0
338,"	A	",0,0,0,0,0,4845,1,0,0,0
339,"	C	",0,0,0,0,0,0,4858,0,0,0
340,"	A	",0,0,0,0,0,4831,1,0,1,0
341,"	T	",0,0,0,0,0,1,0,0,4879,0
342,"	C	",0,0,0,0,0,0,4854,1,0,0
343,"	T	",0,0,0,0,0,1,1,0,4897,0
344,"	G	",0,0,0,0,0,0,0,4921,1,0
345,"	A	",0,0,0,0,0,4890,1,1,1,0
346,"	G	",0,0,0,0,0,0,0,4859,1,0
347,"	G	",0,0,0,0,0,0,0,4926,1,0
348,"	A	",0,0,0,0,0,4859,0,0,4,0
349,"	C	",0,0,0,0,0,4,4878,0,0,0
350,"	T	",0,0,0,0,0,0,0,0,4877,0
351,"	C	",0,0,0,0,0,0,4838,0,0,0
352,"	T	",0,0,0,0,0,0,2,0,4807,0
353,"	G	",0,0,0,0,0,0,0,4887,0,0
354,"	C	",0,0,0,0,0,0,4869,0,3,0
355,"	G	",0,0,0,0,0,0,0,4786,4,0
356,"	G	",0,0,0,0,0,0,0,4906,2,0
357,"	T	",0,0,0,0,0,1,0,0,4943,0
358,"	C	",0,0,0,0,0,1,4644,0,0,0
359,"	T	",0,0,0,0,0,0,0,0,4926,0
360,"	A	",0,0,0,0,0,4877,1,0,2,0
361,"	T	",0,0,0,0,0,0,0,0,4921,0
362,"	T	",0,0,0,0,0,0,0,3,4872,0
363,"	A	",0,0,0,0,0,4733,2,0,1,0
364,"	T	",0,0,0,0,0,0,0,3,4761,0
365,"	T	",0,0,0,0,0,0,0,2,4884,0
366,"	G	",0,0,0,0,0,0,0,4895,0,0
367,"	T	",0,0,0,0,0,1,1,0,4917,0
368,"	G	",0,0,0,0,0,2,0,4879,2,0
369,"	C	",0,0,0,0,0,0,4875,2,0,0
370,"	A	",0,0,0,0,0,4884,0,1,0,0
371,"	A	",0,0,0,0,0,4860,2,0,1,0
372,"	G	",0,0,0,0,0,0,0,4863,0,0
373,"	A	",0,0,0,0,0,4903,0,1,0,0
374,"	G	",0,0,0,0,0,3,0,4890,0,0
375,"	A	",0,0,0,0,0,4909,0,0,0,0
376,"	T	",0,0,0,0,0,0,0,1,4796,0
377,"	T	",0,0,0,0,0,0,1,0,4917,0
378,"	A	",0,0,0,0,0,4879,0,0,2,0
379,"	C	",0,0,0,0,0,0,4878,0,11,0
380,"	T	",0,0,0,0,0,0,1,1,4940,0
381,"	A	",0,0,0,0,0,4781,1,0,0,0
382,"	C	",0,0,0,0,0,0,4915,1,2,0
383,"	G	",0,0,0,0,0,0,0,4909,1,0
384,"	G	",0,0,0,0,0,0,0,4869,1,0
385,"	T	",0,0,0,0,0,0,1,0,4892,0
386,"	A	",0,0,0,0,0,4879,0,1,2,0
387,"	G	",0,0,0,0,0,1,0,4919,2,0
388,"	T	",0,0,0,0,0,0,0,3,4894,0
389,"	A	",0,0,0,0,0,4883,0,1,0,0
390,"	G	",0,0,0,0,0,20,0,4876,2,0
391,"	C	",0,0,0,0,0,0,4852,5,33,0
392,"	T	",0,0,0,0,0,0,0,1,4890,0
393,"	G	",0,0,0,0,0,0,0,4933,1,0
394,"	G	",0,0,0,0,0,0,0,4938,0,0
395,"	G	",0,0,0,0,0,0,0,4898,3,0
396,"	G	",0,0,0,0,0,1,0,4904,0,0
397,"	G	",0,0,0,0,0,21,0,4905,4,0
398,"	T	",0,0,0,0,0,0,0,0,4930,0
399,"	A	",0,0,0,0,0,4898,0,1,2,0
400,"	C	",0,0,0,0,0,0,4903,0,12,0
401,"	T	",0,0,0,0,0,0,0,0,4959,0
402,"	A	",0,0,0,0,0,4845,0,0,0,0
403,"	C	",0,0,0,0,0,5,4889,0,1,0
404,"	T	",0,0,0,0,0,1,1,0,4908,0
405,"	T	",0,0,0,0,0,0,0,0,4924,0
406,"	T	",0,0,0,0,0,0,0,1,4793,0
407,"	G	",0,0,0,0,0,1,0,4913,1,0
408,"	A	",0,0,0,0,0,4895,0,0,1,0
409,"	C	",0,0,0,0,0,0,4927,0,1,0
410,"	T	",0,0,0,0,0,0,0,4,4739,0
411,"	A	",0,0,0,0,0,4825,0,0,0,0
412,"	C	",0,0,0,0,0,3,4911,0,0,0
413,"	T	",0,0,0,0,0,2,4,1,4876,0
414,"	G	",0,0,0,0,0,1,0,4861,1,0
415,"	G	",0,0,0,0,0,0,0,4886,0,0
416,"	G	",0,0,0,0,0,2,0,4957,0,0
417,"	G	",0,0,0,0,0,1,0,4882,1,0
418,"	C	",0,0,0,0,0,0,4935,0,0,0
419,"	C	",0,0,0,0,0,3,4921,0,0,0
420,"	A	",0,0,0,0,0,4834,0,0,1,0
